<annotation>
	<folder>test</folder>
	<filename>od_cars_errscene1_580_200_300x300_F01380.jpg</filename>
	<path>F:\work\pytorch_ssd\pytorch_ssd_trial\data\test\od_cars_errscene1_580_200_300x300_F01380.jpg</path>
	<source>
		<database>Unknown</database>
	</source>
	<size>
		<width>300</width>
		<height>300</height>
		<depth>3</depth>
	</size>
	<segmented>0</segmented>
	<object>
		<name>car</name>
		<pose>Unspecified</pose>
		<truncated>0</truncated>
		<difficult>0</difficult>
		<bndbox>
			<xmin>15</xmin>
			<ymin>114</ymin>
			<xmax>182</xmax>
			<ymax>235</ymax>
		</bndbox>
	</object>
	<object>
		<name>number</name>
		<pose>Unspecified</pose>
		<truncated>0</truncated>
		<difficult>0</difficult>
		<bndbox>
			<xmin>97</xmin>
			<ymin>171</ymin>
			<xmax>130</xmax>
			<ymax>191</ymax>
		</bndbox>
	</object>
</annotation>
