<annotation>
	<folder>od_cars</folder>
	<filename>od_cars_add1_930_250_350x350_F00540.jpg</filename>
	<path>/home/simasaki/work/pytorch_ssd_trial/data/od_cars/od_cars_add1_930_250_350x350_F00540.jpg</path>
	<source>
		<database>Unknown</database>
	</source>
	<size>
		<width>350</width>
		<height>350</height>
		<depth>3</depth>
	</size>
	<segmented>0</segmented>
	<object>
		<name>car</name>
		<pose>Unspecified</pose>
		<truncated>0</truncated>
		<difficult>0</difficult>
		<bndbox>
			<xmin>143</xmin>
			<ymin>41</ymin>
			<xmax>320</xmax>
			<ymax>291</ymax>
		</bndbox>
	</object>
	<object>
		<name>number</name>
		<pose>Unspecified</pose>
		<truncated>0</truncated>
		<difficult>0</difficult>
		<bndbox>
			<xmin>234</xmin>
			<ymin>239</ymin>
			<xmax>270</xmax>
			<ymax>267</ymax>
		</bndbox>
	</object>
</annotation>
