<annotation>
	<folder>od_cars</folder>
	<filename>od_cars_add7_truck_180_100_600x500_F19260.jpg</filename>
	<path>/home/simasaki/work/pytorch_ssd_trial/data/od_cars/od_cars_add7_truck_180_100_600x500_F19260.jpg</path>
	<source>
		<database>Unknown</database>
	</source>
	<size>
		<width>600</width>
		<height>500</height>
		<depth>3</depth>
	</size>
	<segmented>0</segmented>
	<object>
		<name>car</name>
		<pose>Unspecified</pose>
		<truncated>0</truncated>
		<difficult>0</difficult>
		<bndbox>
			<xmin>461</xmin>
			<ymin>189</ymin>
			<xmax>495</xmax>
			<ymax>224</ymax>
		</bndbox>
	</object>
	<object>
		<name>number</name>
		<pose>Unspecified</pose>
		<truncated>0</truncated>
		<difficult>0</difficult>
		<bndbox>
			<xmin>162</xmin>
			<ymin>196</ymin>
			<xmax>209</xmax>
			<ymax>222</ymax>
		</bndbox>
	</object>
</annotation>
