<annotation>
	<folder>od_cars</folder>
	<filename>od_cars_add2_930_250_350x350_F31920.jpg</filename>
	<path>/home/simasaki/work/pytorch_ssd_trial/data/od_cars/od_cars_add2_930_250_350x350_F31920.jpg</path>
	<source>
		<database>Unknown</database>
	</source>
	<size>
		<width>350</width>
		<height>350</height>
		<depth>3</depth>
	</size>
	<segmented>0</segmented>
	<object>
		<name>car</name>
		<pose>Unspecified</pose>
		<truncated>0</truncated>
		<difficult>0</difficult>
		<bndbox>
			<xmin>35</xmin>
			<ymin>47</ymin>
			<xmax>222</xmax>
			<ymax>229</ymax>
		</bndbox>
	</object>
	<object>
		<name>number</name>
		<pose>Unspecified</pose>
		<truncated>0</truncated>
		<difficult>0</difficult>
		<bndbox>
			<xmin>144</xmin>
			<ymin>123</ymin>
			<xmax>177</xmax>
			<ymax>147</ymax>
		</bndbox>
	</object>
</annotation>
