<annotation>
	<folder>od_cars</folder>
	<filename>od_cars_add8_2_urban_exp_930_250_350x350_F20940.jpg</filename>
	<path>/home/simasaki/work/pytorch_ssd_trial/data/od_cars/od_cars_add8_2_urban_exp_930_250_350x350_F20940.jpg</path>
	<source>
		<database>Unknown</database>
	</source>
	<size>
		<width>350</width>
		<height>350</height>
		<depth>3</depth>
	</size>
	<segmented>0</segmented>
	<object>
		<name>car</name>
		<pose>Unspecified</pose>
		<truncated>0</truncated>
		<difficult>0</difficult>
		<bndbox>
			<xmin>66</xmin>
			<ymin>38</ymin>
			<xmax>167</xmax>
			<ymax>162</ymax>
		</bndbox>
	</object>
	<object>
		<name>number</name>
		<pose>Unspecified</pose>
		<truncated>0</truncated>
		<difficult>0</difficult>
		<bndbox>
			<xmin>125</xmin>
			<ymin>132</ymin>
			<xmax>143</xmax>
			<ymax>148</ymax>
		</bndbox>
	</object>
</annotation>
