<annotation>
	<folder>od_cars</folder>
	<filename>od_cars_add1_930_250_350x350_F01740.jpg</filename>
	<path>/home/simasaki/work/pytorch_ssd_trial/data/od_cars/od_cars_add1_930_250_350x350_F01740.jpg</path>
	<source>
		<database>Unknown</database>
	</source>
	<size>
		<width>350</width>
		<height>350</height>
		<depth>3</depth>
	</size>
	<segmented>0</segmented>
	<object>
		<name>car</name>
		<pose>Unspecified</pose>
		<truncated>0</truncated>
		<difficult>0</difficult>
		<bndbox>
			<xmin>118</xmin>
			<ymin>50</ymin>
			<xmax>337</xmax>
			<ymax>297</ymax>
		</bndbox>
	</object>
	<object>
		<name>number</name>
		<pose>Unspecified</pose>
		<truncated>0</truncated>
		<difficult>0</difficult>
		<bndbox>
			<xmin>230</xmin>
			<ymin>231</ymin>
			<xmax>273</xmax>
			<ymax>261</ymax>
		</bndbox>
	</object>
</annotation>
