<annotation>
	<folder>test</folder>
	<filename>od_cars_errscene1_180_150_350x350_F04530.jpg</filename>
	<path>F:\work\pytorch_ssd\pytorch_ssd_trial\data\test\od_cars_errscene1_180_150_350x350_F04530.jpg</path>
	<source>
		<database>Unknown</database>
	</source>
	<size>
		<width>350</width>
		<height>350</height>
		<depth>3</depth>
	</size>
	<segmented>0</segmented>
	<object>
		<name>car</name>
		<pose>Unspecified</pose>
		<truncated>0</truncated>
		<difficult>0</difficult>
		<bndbox>
			<xmin>87</xmin>
			<ymin>126</ymin>
			<xmax>252</xmax>
			<ymax>262</ymax>
		</bndbox>
	</object>
	<object>
		<name>number</name>
		<pose>Unspecified</pose>
		<truncated>0</truncated>
		<difficult>0</difficult>
		<bndbox>
			<xmin>127</xmin>
			<ymin>183</ymin>
			<xmax>157</xmax>
			<ymax>203</ymax>
		</bndbox>
	</object>
</annotation>
