<annotation>
	<folder>od_cars</folder>
	<filename>od_cars_add5_580_200_300x300_F05160.jpg</filename>
	<path>/home/simasaki/work/pytorch_ssd_trial/data/od_cars/od_cars_add5_580_200_300x300_F05160.jpg</path>
	<source>
		<database>Unknown</database>
	</source>
	<size>
		<width>300</width>
		<height>300</height>
		<depth>3</depth>
	</size>
	<segmented>0</segmented>
	<object>
		<name>car</name>
		<pose>Unspecified</pose>
		<truncated>0</truncated>
		<difficult>0</difficult>
		<bndbox>
			<xmin>34</xmin>
			<ymin>114</ymin>
			<xmax>79</xmax>
			<ymax>152</ymax>
		</bndbox>
	</object>
</annotation>
