<annotation>
	<folder>od_cars</folder>
	<filename>od_cars_add8_2_urban_exp_180_150_350x350_F28620.jpg</filename>
	<path>/home/simasaki/work/pytorch_ssd_trial/data/od_cars/od_cars_add8_2_urban_exp_180_150_350x350_F28620.jpg</path>
	<source>
		<database>Unknown</database>
	</source>
	<size>
		<width>350</width>
		<height>350</height>
		<depth>3</depth>
	</size>
	<segmented>0</segmented>
	<object>
		<name>car</name>
		<pose>Unspecified</pose>
		<truncated>0</truncated>
		<difficult>0</difficult>
		<bndbox>
			<xmin>196</xmin>
			<ymin>81</ymin>
			<xmax>340</xmax>
			<ymax>230</ymax>
		</bndbox>
	</object>
	<object>
		<name>number</name>
		<pose>Unspecified</pose>
		<truncated>0</truncated>
		<difficult>0</difficult>
		<bndbox>
			<xmin>261</xmin>
			<ymin>156</ymin>
			<xmax>283</xmax>
			<ymax>168</ymax>
		</bndbox>
	</object>
</annotation>
