<annotation>
	<folder>test</folder>
	<filename>od_cars_errscene1_180_150_350x350_F04710.jpg</filename>
	<path>F:\work\pytorch_ssd\pytorch_ssd_trial\data\test\od_cars_errscene1_180_150_350x350_F04710.jpg</path>
	<source>
		<database>Unknown</database>
	</source>
	<size>
		<width>350</width>
		<height>350</height>
		<depth>3</depth>
	</size>
	<segmented>0</segmented>
	<object>
		<name>car</name>
		<pose>Unspecified</pose>
		<truncated>0</truncated>
		<difficult>0</difficult>
		<bndbox>
			<xmin>110</xmin>
			<ymin>143</ymin>
			<xmax>261</xmax>
			<ymax>251</ymax>
		</bndbox>
	</object>
	<object>
		<name>number</name>
		<pose>Unspecified</pose>
		<truncated>0</truncated>
		<difficult>0</difficult>
		<bndbox>
			<xmin>146</xmin>
			<ymin>192</ymin>
			<xmax>177</xmax>
			<ymax>213</ymax>
		</bndbox>
	</object>
</annotation>
