<annotation>
	<folder>od_cars</folder>
	<filename>od_cars_add1_930_250_350x350_F01980.jpg</filename>
	<path>/home/simasaki/work/pytorch_ssd_trial/data/od_cars/od_cars_add1_930_250_350x350_F01980.jpg</path>
	<source>
		<database>Unknown</database>
	</source>
	<size>
		<width>350</width>
		<height>350</height>
		<depth>3</depth>
	</size>
	<segmented>0</segmented>
	<object>
		<name>car</name>
		<pose>Unspecified</pose>
		<truncated>0</truncated>
		<difficult>0</difficult>
		<bndbox>
			<xmin>21</xmin>
			<ymin>77</ymin>
			<xmax>201</xmax>
			<ymax>305</ymax>
		</bndbox>
	</object>
	<object>
		<name>number</name>
		<pose>Unspecified</pose>
		<truncated>0</truncated>
		<difficult>0</difficult>
		<bndbox>
			<xmin>101</xmin>
			<ymin>252</ymin>
			<xmax>144</xmax>
			<ymax>281</ymax>
		</bndbox>
	</object>
</annotation>
