<annotation>
	<folder>od_cars</folder>
	<filename>od_cars_add7_3truck_930_250_350x350_F40860.jpg</filename>
	<path>/home/simasaki/work/pytorch_ssd_trial/data/od_cars/od_cars_add7_3truck_930_250_350x350_F40860.jpg</path>
	<source>
		<database>Unknown</database>
	</source>
	<size>
		<width>350</width>
		<height>350</height>
		<depth>3</depth>
	</size>
	<segmented>0</segmented>
	<object>
		<name>car</name>
		<pose>Unspecified</pose>
		<truncated>0</truncated>
		<difficult>0</difficult>
		<bndbox>
			<xmin>9</xmin>
			<ymin>86</ymin>
			<xmax>234</xmax>
			<ymax>289</ymax>
		</bndbox>
	</object>
	<object>
		<name>number</name>
		<pose>Unspecified</pose>
		<truncated>0</truncated>
		<difficult>0</difficult>
		<bndbox>
			<xmin>159</xmin>
			<ymin>219</ymin>
			<xmax>198</xmax>
			<ymax>246</ymax>
		</bndbox>
	</object>
</annotation>
