<annotation>
	<folder>od_cars</folder>
	<filename>od_cars_add2_930_250_350x350_F12720.jpg</filename>
	<path>/home/simasaki/work/pytorch_ssd_trial/data/od_cars/od_cars_add2_930_250_350x350_F12720.jpg</path>
	<source>
		<database>Unknown</database>
	</source>
	<size>
		<width>350</width>
		<height>350</height>
		<depth>3</depth>
	</size>
	<segmented>0</segmented>
	<object>
		<name>car</name>
		<pose>Unspecified</pose>
		<truncated>0</truncated>
		<difficult>0</difficult>
		<bndbox>
			<xmin>174</xmin>
			<ymin>34</ymin>
			<xmax>310</xmax>
			<ymax>231</ymax>
		</bndbox>
	</object>
	<object>
		<name>number</name>
		<pose>Unspecified</pose>
		<truncated>0</truncated>
		<difficult>0</difficult>
		<bndbox>
			<xmin>260</xmin>
			<ymin>127</ymin>
			<xmax>286</xmax>
			<ymax>152</ymax>
		</bndbox>
	</object>
</annotation>
