<annotation>
	<folder>od_cars</folder>
	<filename>od_cars_add8_2_urban_exp_930_250_350x350_F15600.jpg</filename>
	<path>/home/simasaki/work/pytorch_ssd_trial/data/od_cars/od_cars_add8_2_urban_exp_930_250_350x350_F15600.jpg</path>
	<source>
		<database>Unknown</database>
	</source>
	<size>
		<width>350</width>
		<height>350</height>
		<depth>3</depth>
	</size>
	<segmented>0</segmented>
	<object>
		<name>car</name>
		<pose>Unspecified</pose>
		<truncated>0</truncated>
		<difficult>0</difficult>
		<bndbox>
			<xmin>6</xmin>
			<ymin>47</ymin>
			<xmax>221</xmax>
			<ymax>243</ymax>
		</bndbox>
	</object>
	<object>
		<name>number</name>
		<pose>Unspecified</pose>
		<truncated>0</truncated>
		<difficult>0</difficult>
		<bndbox>
			<xmin>139</xmin>
			<ymin>139</ymin>
			<xmax>177</xmax>
			<ymax>166</ymax>
		</bndbox>
	</object>
</annotation>
