<annotation>
	<folder>od_cars</folder>
	<filename>od_cars_add1_930_250_350x350_F04680.jpg</filename>
	<path>/home/simasaki/work/pytorch_ssd_trial/data/od_cars/od_cars_add1_930_250_350x350_F04680.jpg</path>
	<source>
		<database>Unknown</database>
	</source>
	<size>
		<width>350</width>
		<height>350</height>
		<depth>3</depth>
	</size>
	<segmented>0</segmented>
	<object>
		<name>car</name>
		<pose>Unspecified</pose>
		<truncated>0</truncated>
		<difficult>0</difficult>
		<bndbox>
			<xmin>171</xmin>
			<ymin>90</ymin>
			<xmax>322</xmax>
			<ymax>278</ymax>
		</bndbox>
	</object>
	<object>
		<name>number</name>
		<pose>Unspecified</pose>
		<truncated>0</truncated>
		<difficult>0</difficult>
		<bndbox>
			<xmin>201</xmin>
			<ymin>219</ymin>
			<xmax>229</xmax>
			<ymax>243</ymax>
		</bndbox>
	</object>
</annotation>
