<annotation>
	<folder>od_cars</folder>
	<filename>od_cars_add7_3truck_930_250_350x350_F43440.jpg</filename>
	<path>/home/simasaki/work/pytorch_ssd_trial/data/od_cars/od_cars_add7_3truck_930_250_350x350_F43440.jpg</path>
	<source>
		<database>Unknown</database>
	</source>
	<size>
		<width>350</width>
		<height>350</height>
		<depth>3</depth>
	</size>
	<segmented>0</segmented>
	<object>
		<name>car</name>
		<pose>Unspecified</pose>
		<truncated>1</truncated>
		<difficult>0</difficult>
		<bndbox>
			<xmin>1</xmin>
			<ymin>108</ymin>
			<xmax>161</xmax>
			<ymax>247</ymax>
		</bndbox>
	</object>
	<object>
		<name>number</name>
		<pose>Unspecified</pose>
		<truncated>0</truncated>
		<difficult>0</difficult>
		<bndbox>
			<xmin>93</xmin>
			<ymin>174</ymin>
			<xmax>122</xmax>
			<ymax>194</ymax>
		</bndbox>
	</object>
</annotation>
