<annotation>
	<folder>od_cars</folder>
	<filename>od_cars_add8_2_urban_exp_930_250_350x350_F29400.jpg</filename>
	<path>/home/simasaki/work/pytorch_ssd_trial/data/od_cars/od_cars_add8_2_urban_exp_930_250_350x350_F29400.jpg</path>
	<source>
		<database>Unknown</database>
	</source>
	<size>
		<width>350</width>
		<height>350</height>
		<depth>3</depth>
	</size>
	<segmented>0</segmented>
	<object>
		<name>car</name>
		<pose>Unspecified</pose>
		<truncated>1</truncated>
		<difficult>0</difficult>
		<bndbox>
			<xmin>142</xmin>
			<ymin>1</ymin>
			<xmax>328</xmax>
			<ymax>278</ymax>
		</bndbox>
	</object>
	<object>
		<name>number</name>
		<pose>Unspecified</pose>
		<truncated>0</truncated>
		<difficult>0</difficult>
		<bndbox>
			<xmin>249</xmin>
			<ymin>147</ymin>
			<xmax>283</xmax>
			<ymax>178</ymax>
		</bndbox>
	</object>
</annotation>
