<annotation>
	<folder>od_cars</folder>
	<filename>od_cars_add2_580_200_300x300_F40920.jpg</filename>
	<path>/home/simasaki/work/pytorch_ssd_trial/data/od_cars/od_cars_add2_580_200_300x300_F40920.jpg</path>
	<source>
		<database>Unknown</database>
	</source>
	<size>
		<width>300</width>
		<height>300</height>
		<depth>3</depth>
	</size>
	<segmented>0</segmented>
	<object>
		<name>car</name>
		<pose>Unspecified</pose>
		<truncated>0</truncated>
		<difficult>0</difficult>
		<bndbox>
			<xmin>198</xmin>
			<ymin>88</ymin>
			<xmax>288</xmax>
			<ymax>169</ymax>
		</bndbox>
	</object>
	<object>
		<name>car</name>
		<pose>Unspecified</pose>
		<truncated>0</truncated>
		<difficult>0</difficult>
		<bndbox>
			<xmin>28</xmin>
			<ymin>82</ymin>
			<xmax>136</xmax>
			<ymax>202</ymax>
		</bndbox>
	</object>
	<object>
		<name>number</name>
		<pose>Unspecified</pose>
		<truncated>0</truncated>
		<difficult>0</difficult>
		<bndbox>
			<xmin>69</xmin>
			<ymin>138</ymin>
			<xmax>96</xmax>
			<ymax>153</ymax>
		</bndbox>
	</object>
	<object>
		<name>number</name>
		<pose>Unspecified</pose>
		<truncated>0</truncated>
		<difficult>0</difficult>
		<bndbox>
			<xmin>242</xmin>
			<ymin>126</ymin>
			<xmax>260</xmax>
			<ymax>137</ymax>
		</bndbox>
	</object>
</annotation>
