<annotation>
	<folder>od_cars</folder>
	<filename>od_cars_add7_3truck_930_250_350x350_F51240.jpg</filename>
	<path>/home/simasaki/work/pytorch_ssd_trial/data/od_cars/od_cars_add7_3truck_930_250_350x350_F51240.jpg</path>
	<source>
		<database>Unknown</database>
	</source>
	<size>
		<width>350</width>
		<height>350</height>
		<depth>3</depth>
	</size>
	<segmented>0</segmented>
	<object>
		<name>car</name>
		<pose>Unspecified</pose>
		<truncated>0</truncated>
		<difficult>0</difficult>
		<bndbox>
			<xmin>89</xmin>
			<ymin>88</ymin>
			<xmax>263</xmax>
			<ymax>242</ymax>
		</bndbox>
	</object>
	<object>
		<name>number</name>
		<pose>Unspecified</pose>
		<truncated>0</truncated>
		<difficult>0</difficult>
		<bndbox>
			<xmin>205</xmin>
			<ymin>153</ymin>
			<xmax>232</xmax>
			<ymax>174</ymax>
		</bndbox>
	</object>
</annotation>
