<annotation>
	<folder>od_cars</folder>
	<filename>od_cars_add7_3truck_930_250_350x350_F15420.jpg</filename>
	<path>/home/simasaki/work/pytorch_ssd_trial/data/od_cars/od_cars_add7_3truck_930_250_350x350_F15420.jpg</path>
	<source>
		<database>Unknown</database>
	</source>
	<size>
		<width>350</width>
		<height>350</height>
		<depth>3</depth>
	</size>
	<segmented>0</segmented>
	<object>
		<name>car</name>
		<pose>Unspecified</pose>
		<truncated>0</truncated>
		<difficult>0</difficult>
		<bndbox>
			<xmin>32</xmin>
			<ymin>67</ymin>
			<xmax>201</xmax>
			<ymax>214</ymax>
		</bndbox>
	</object>
	<object>
		<name>number</name>
		<pose>Unspecified</pose>
		<truncated>0</truncated>
		<difficult>0</difficult>
		<bndbox>
			<xmin>132</xmin>
			<ymin>125</ymin>
			<xmax>164</xmax>
			<ymax>147</ymax>
		</bndbox>
	</object>
</annotation>
