<annotation>
	<folder>od_cars</folder>
	<filename>od_cars_add3_180_100_600x500_F01380.jpg</filename>
	<path>/home/simasaki/work/pytorch_ssd_trial/data/od_cars/od_cars_add3_180_100_600x500_F01380.jpg</path>
	<source>
		<database>Unknown</database>
	</source>
	<size>
		<width>600</width>
		<height>500</height>
		<depth>3</depth>
	</size>
	<segmented>0</segmented>
	<object>
		<name>car</name>
		<pose>Unspecified</pose>
		<truncated>0</truncated>
		<difficult>0</difficult>
		<bndbox>
			<xmin>54</xmin>
			<ymin>209</ymin>
			<xmax>185</xmax>
			<ymax>333</ymax>
		</bndbox>
	</object>
	<object>
		<name>number</name>
		<pose>Unspecified</pose>
		<truncated>0</truncated>
		<difficult>0</difficult>
		<bndbox>
			<xmin>109</xmin>
			<ymin>291</ymin>
			<xmax>141</xmax>
			<ymax>315</ymax>
		</bndbox>
	</object>
</annotation>
