<annotation>
	<folder>od_cars</folder>
	<filename>od_cars_add5_930_250_350x350_F17340.jpg</filename>
	<path>/home/simasaki/work/pytorch_ssd_trial/data/od_cars/od_cars_add5_930_250_350x350_F17340.jpg</path>
	<source>
		<database>Unknown</database>
	</source>
	<size>
		<width>350</width>
		<height>350</height>
		<depth>3</depth>
	</size>
	<segmented>0</segmented>
	<object>
		<name>car</name>
		<pose>Unspecified</pose>
		<truncated>0</truncated>
		<difficult>0</difficult>
		<bndbox>
			<xmin>114</xmin>
			<ymin>57</ymin>
			<xmax>222</xmax>
			<ymax>168</ymax>
		</bndbox>
	</object>
	<object>
		<name>number</name>
		<pose>Unspecified</pose>
		<truncated>0</truncated>
		<difficult>0</difficult>
		<bndbox>
			<xmin>183</xmin>
			<ymin>117</ymin>
			<xmax>205</xmax>
			<ymax>132</ymax>
		</bndbox>
	</object>
</annotation>
