<annotation>
	<folder>od_cars</folder>
	<filename>od_cars_add5_930_250_350x350_F00420.jpg</filename>
	<path>/home/simasaki/work/pytorch_ssd_trial/data/od_cars/od_cars_add5_930_250_350x350_F00420.jpg</path>
	<source>
		<database>Unknown</database>
	</source>
	<size>
		<width>350</width>
		<height>350</height>
		<depth>3</depth>
	</size>
	<segmented>0</segmented>
	<object>
		<name>car</name>
		<pose>Unspecified</pose>
		<truncated>0</truncated>
		<difficult>0</difficult>
		<bndbox>
			<xmin>179</xmin>
			<ymin>64</ymin>
			<xmax>279</xmax>
			<ymax>201</ymax>
		</bndbox>
	</object>
	<object>
		<name>number</name>
		<pose>Unspecified</pose>
		<truncated>0</truncated>
		<difficult>0</difficult>
		<bndbox>
			<xmin>242</xmin>
			<ymin>160</ymin>
			<xmax>263</xmax>
			<ymax>180</ymax>
		</bndbox>
	</object>
</annotation>
