<annotation>
	<folder>od_cars</folder>
	<filename>od_cars_add1_930_250_350x350_F05760.jpg</filename>
	<path>/home/simasaki/work/pytorch_ssd_trial/data/od_cars/od_cars_add1_930_250_350x350_F05760.jpg</path>
	<source>
		<database>Unknown</database>
	</source>
	<size>
		<width>350</width>
		<height>350</height>
		<depth>3</depth>
	</size>
	<segmented>0</segmented>
	<object>
		<name>car</name>
		<pose>Unspecified</pose>
		<truncated>0</truncated>
		<difficult>0</difficult>
		<bndbox>
			<xmin>53</xmin>
			<ymin>104</ymin>
			<xmax>180</xmax>
			<ymax>229</ymax>
		</bndbox>
	</object>
	<object>
		<name>car</name>
		<pose>Unspecified</pose>
		<truncated>0</truncated>
		<difficult>0</difficult>
		<bndbox>
			<xmin>188</xmin>
			<ymin>115</ymin>
			<xmax>304</xmax>
			<ymax>225</ymax>
		</bndbox>
	</object>
	<object>
		<name>number</name>
		<pose>Unspecified</pose>
		<truncated>0</truncated>
		<difficult>0</difficult>
		<bndbox>
			<xmin>137</xmin>
			<ymin>183</ymin>
			<xmax>161</xmax>
			<ymax>204</ymax>
		</bndbox>
	</object>
</annotation>
