<annotation>
	<folder>od_cars</folder>
	<filename>od_cars_add2_930_250_350x350_F15900.jpg</filename>
	<path>/home/simasaki/work/pytorch_ssd_trial/data/od_cars/od_cars_add2_930_250_350x350_F15900.jpg</path>
	<source>
		<database>Unknown</database>
	</source>
	<size>
		<width>350</width>
		<height>350</height>
		<depth>3</depth>
	</size>
	<segmented>0</segmented>
	<object>
		<name>car</name>
		<pose>Unspecified</pose>
		<truncated>0</truncated>
		<difficult>0</difficult>
		<bndbox>
			<xmin>33</xmin>
			<ymin>46</ymin>
			<xmax>235</xmax>
			<ymax>248</ymax>
		</bndbox>
	</object>
	<object>
		<name>number</name>
		<pose>Unspecified</pose>
		<truncated>0</truncated>
		<difficult>0</difficult>
		<bndbox>
			<xmin>161</xmin>
			<ymin>136</ymin>
			<xmax>197</xmax>
			<ymax>166</ymax>
		</bndbox>
	</object>
</annotation>
