<annotation>
	<folder>od_cars</folder>
	<filename>od_cars_add2_930_250_350x350_F06720.jpg</filename>
	<path>/home/simasaki/work/pytorch_ssd_trial/data/od_cars/od_cars_add2_930_250_350x350_F06720.jpg</path>
	<source>
		<database>Unknown</database>
	</source>
	<size>
		<width>350</width>
		<height>350</height>
		<depth>3</depth>
	</size>
	<segmented>0</segmented>
	<object>
		<name>car</name>
		<pose>Unspecified</pose>
		<truncated>1</truncated>
		<difficult>0</difficult>
		<bndbox>
			<xmin>1</xmin>
			<ymin>6</ymin>
			<xmax>93</xmax>
			<ymax>151</ymax>
		</bndbox>
	</object>
	<object>
		<name>number</name>
		<pose>Unspecified</pose>
		<truncated>0</truncated>
		<difficult>0</difficult>
		<bndbox>
			<xmin>27</xmin>
			<ymin>76</ymin>
			<xmax>53</xmax>
			<ymax>94</ymax>
		</bndbox>
	</object>
</annotation>
