<annotation>
	<folder>od_cars</folder>
	<filename>od_cars_add5_930_250_350x350_F01200.jpg</filename>
	<path>/home/simasaki/work/pytorch_ssd_trial/data/od_cars/od_cars_add5_930_250_350x350_F01200.jpg</path>
	<source>
		<database>Unknown</database>
	</source>
	<size>
		<width>350</width>
		<height>350</height>
		<depth>3</depth>
	</size>
	<segmented>0</segmented>
	<object>
		<name>car</name>
		<pose>Unspecified</pose>
		<truncated>0</truncated>
		<difficult>0</difficult>
		<bndbox>
			<xmin>130</xmin>
			<ymin>61</ymin>
			<xmax>268</xmax>
			<ymax>218</ymax>
		</bndbox>
	</object>
	<object>
		<name>number</name>
		<pose>Unspecified</pose>
		<truncated>0</truncated>
		<difficult>0</difficult>
		<bndbox>
			<xmin>229</xmin>
			<ymin>181</ymin>
			<xmax>251</xmax>
			<ymax>202</ymax>
		</bndbox>
	</object>
</annotation>
