<annotation>
	<folder>od_cars</folder>
	<filename>od_cars_add1_580_200_300x300_F01020.jpg</filename>
	<path>/home/simasaki/work/pytorch_ssd_trial/data/od_cars/od_cars_add1_580_200_300x300_F01020.jpg</path>
	<source>
		<database>Unknown</database>
	</source>
	<size>
		<width>300</width>
		<height>300</height>
		<depth>3</depth>
	</size>
	<segmented>0</segmented>
	<object>
		<name>car</name>
		<pose>Unspecified</pose>
		<truncated>0</truncated>
		<difficult>0</difficult>
		<bndbox>
			<xmin>23</xmin>
			<ymin>121</ymin>
			<xmax>190</xmax>
			<ymax>263</ymax>
		</bndbox>
	</object>
	<object>
		<name>number</name>
		<pose>Unspecified</pose>
		<truncated>0</truncated>
		<difficult>0</difficult>
		<bndbox>
			<xmin>95</xmin>
			<ymin>227</ymin>
			<xmax>132</xmax>
			<ymax>247</ymax>
		</bndbox>
	</object>
</annotation>
