<annotation>
	<folder>od_cars</folder>
	<filename>od_cars_add7_truck_180_100_600x500_F09000.jpg</filename>
	<path>/home/simasaki/work/pytorch_ssd_trial/data/od_cars/od_cars_add7_truck_180_100_600x500_F09000.jpg</path>
	<source>
		<database>Unknown</database>
	</source>
	<size>
		<width>600</width>
		<height>500</height>
		<depth>3</depth>
	</size>
	<segmented>0</segmented>
	<object>
		<name>car</name>
		<pose>Unspecified</pose>
		<truncated>0</truncated>
		<difficult>0</difficult>
		<bndbox>
			<xmin>521</xmin>
			<ymin>201</ymin>
			<xmax>553</xmax>
			<ymax>227</ymax>
		</bndbox>
	</object>
</annotation>
