<annotation>
	<folder>test</folder>
	<filename>od_cars_errscene1_580_200_300x300_F00090.jpg</filename>
	<path>F:\work\pytorch_ssd\pytorch_ssd_trial\data\test\od_cars_errscene1_580_200_300x300_F00090.jpg</path>
	<source>
		<database>Unknown</database>
	</source>
	<size>
		<width>300</width>
		<height>300</height>
		<depth>3</depth>
	</size>
	<segmented>0</segmented>
	<object>
		<name>number</name>
		<pose>Unspecified</pose>
		<truncated>0</truncated>
		<difficult>0</difficult>
		<bndbox>
			<xmin>173</xmin>
			<ymin>180</ymin>
			<xmax>192</xmax>
			<ymax>194</ymax>
		</bndbox>
	</object>
</annotation>
