<annotation>
	<folder>od_cars</folder>
	<filename>od_cars_add5_930_250_350x350_F09240.jpg</filename>
	<path>/home/simasaki/work/pytorch_ssd_trial/data/od_cars/od_cars_add5_930_250_350x350_F09240.jpg</path>
	<source>
		<database>Unknown</database>
	</source>
	<size>
		<width>350</width>
		<height>350</height>
		<depth>3</depth>
	</size>
	<segmented>0</segmented>
	<object>
		<name>car</name>
		<pose>Unspecified</pose>
		<truncated>0</truncated>
		<difficult>0</difficult>
		<bndbox>
			<xmin>57</xmin>
			<ymin>37</ymin>
			<xmax>275</xmax>
			<ymax>256</ymax>
		</bndbox>
	</object>
	<object>
		<name>number</name>
		<pose>Unspecified</pose>
		<truncated>0</truncated>
		<difficult>0</difficult>
		<bndbox>
			<xmin>205</xmin>
			<ymin>122</ymin>
			<xmax>242</xmax>
			<ymax>152</ymax>
		</bndbox>
	</object>
</annotation>
