<annotation>
	<folder>test</folder>
	<filename>od_cars_errscene1_580_200_300x300_F00210.jpg</filename>
	<path>F:\work\pytorch_ssd\pytorch_ssd_trial\data\test\od_cars_errscene1_580_200_300x300_F00210.jpg</path>
	<source>
		<database>Unknown</database>
	</source>
	<size>
		<width>300</width>
		<height>300</height>
		<depth>3</depth>
	</size>
	<segmented>0</segmented>
	<object>
		<name>car</name>
		<pose>Unspecified</pose>
		<truncated>0</truncated>
		<difficult>0</difficult>
		<bndbox>
			<xmin>11</xmin>
			<ymin>93</ymin>
			<xmax>89</xmax>
			<ymax>174</ymax>
		</bndbox>
	</object>
	<object>
		<name>number</name>
		<pose>Unspecified</pose>
		<truncated>0</truncated>
		<difficult>0</difficult>
		<bndbox>
			<xmin>46</xmin>
			<ymin>153</ymin>
			<xmax>65</xmax>
			<ymax>166</ymax>
		</bndbox>
	</object>
</annotation>
