<annotation>
	<folder>od_cars</folder>
	<filename>od_cars_add8_2_urban_exp_180_150_350x350_F14040.jpg</filename>
	<path>/home/simasaki/work/pytorch_ssd_trial/data/od_cars/od_cars_add8_2_urban_exp_180_150_350x350_F14040.jpg</path>
	<source>
		<database>Unknown</database>
	</source>
	<size>
		<width>350</width>
		<height>350</height>
		<depth>3</depth>
	</size>
	<segmented>0</segmented>
	<object>
		<name>car</name>
		<pose>Unspecified</pose>
		<truncated>0</truncated>
		<difficult>0</difficult>
		<bndbox>
			<xmin>104</xmin>
			<ymin>127</ymin>
			<xmax>267</xmax>
			<ymax>267</ymax>
		</bndbox>
	</object>
	<object>
		<name>number</name>
		<pose>Unspecified</pose>
		<truncated>0</truncated>
		<difficult>0</difficult>
		<bndbox>
			<xmin>147</xmin>
			<ymin>197</ymin>
			<xmax>176</xmax>
			<ymax>213</ymax>
		</bndbox>
	</object>
</annotation>
